{ "member_info" : [ 	  
      { "Property_ID" : "pid01",
        "Price" : "2000000",
        "Locality" : "BTM Layout",
        "Created" : "02-nov-2004",
        "About" : "awesome greenry, hilly area"
      },
      { "Property_ID" : "pid02",
        "Price" : "6000000",
        "Locality" : "Kormangla",
        "Created" : "07-jan-2010",
        "About" : "near main road, nearby shopping mall"
      },
	  { "Property_ID" : "pid03",
        "Price" : "6000000",
        "Locality" : "Yashwantpur",
        "Created" : "12-oct-2012",
        "About" : "near railway station"
      },
	  {"Property_ID" : "pid04",
        "Price" : "1000000",
        "Locality" : "Marathalli",
        "Created" : "23-jul-2000",
        "About" : "near airport"
		},
		{"Property_ID" : "pid05",
        "Price" : "9000000",
        "Locality" : "Malleshwaram",
        "Created" : "02-nov-2011",
        "About" : "near bust stand"
		}
    ] }